image_name,labels
ae_1_0.jpg,ae
ae_1_1.jpg,ae
ae_1_10.jpg,ae
ae_1_11.jpg,ae
ae_1_12.jpg,ae
ae_1_13.jpg,ae
ae_1_14.jpg,ae
ae_1_15.jpg,ae
ae_1_16.jpg,ae
ae_1_17.jpg,ae
ae_1_18.jpg,ae
ae_1_19.jpg,ae
ae_1_2.jpg,ae
ae_1_3.jpg,ae
ae_1_4.jpg,ae
ae_1_5.jpg,ae
ae_1_6.jpg,ae
ae_1_7.jpg,ae
ae_1_8.jpg,ae
ae_1_9.jpg,ae
ae_31_0.jpg,ae
ae_31_1.jpg,ae
ae_31_10.jpg,ae
ae_31_11.jpg,ae
ae_31_12.jpg,ae
ae_31_13.jpg,ae
ae_31_14.jpg,ae
ae_31_15.jpg,ae
ae_31_16.jpg,ae
ae_31_17.jpg,ae
ae_31_18.jpg,ae
ae_31_19.jpg,ae
ae_31_2.jpg,ae
ae_31_3.jpg,ae
ae_31_4.jpg,ae
ae_31_5.jpg,ae
ae_31_6.jpg,ae
ae_31_7.jpg,ae
ae_31_8.jpg,ae
ae_31_9.jpg,ae
ae_61_0.jpg,ae
ae_61_1.jpg,ae
ae_61_10.jpg,ae
ae_61_11.jpg,ae
ae_61_12.jpg,ae
ae_61_13.jpg,ae
ae_61_14.jpg,ae
ae_61_15.jpg,ae
ae_61_16.jpg,ae
ae_61_17.jpg,ae
ae_61_18.jpg,ae
ae_61_19.jpg,ae
ae_61_2.jpg,ae
ae_61_3.jpg,ae
ae_61_4.jpg,ae
ae_61_5.jpg,ae
ae_61_6.jpg,ae
ae_61_7.jpg,ae
ae_61_8.jpg,ae
ae_61_9.jpg,ae
ae_91_0.jpg,ae
ae_91_1.jpg,ae
ae_91_10.jpg,ae
ae_91_11.jpg,ae
ae_91_12.jpg,ae
ae_91_13.jpg,ae
ae_91_14.jpg,ae
ae_91_15.jpg,ae
ae_91_16.jpg,ae
ae_91_17.jpg,ae
ae_91_18.jpg,ae
ae_91_19.jpg,ae
ae_91_2.jpg,ae
ae_91_3.jpg,ae
ae_91_4.jpg,ae
ae_91_5.jpg,ae
ae_91_6.jpg,ae
ae_91_7.jpg,ae
ae_91_8.jpg,ae
ae_91_9.jpg,ae
a_0_0.jpg,a
a_0_1.jpg,a
a_0_10.jpg,a
a_0_11.jpg,a
a_0_12.jpg,a
a_0_13.jpg,a
a_0_14.jpg,a
a_0_15.jpg,a
a_0_16.jpg,a
a_0_17.jpg,a
a_0_18.jpg,a
a_0_19.jpg,a
a_0_2.jpg,a
a_0_3.jpg,a
a_0_4.jpg,a
a_0_5.jpg,a
a_0_6.jpg,a
a_0_7.jpg,a
a_0_8.jpg,a
a_0_9.jpg,a
a_30_0.jpg,a
a_30_1.jpg,a
a_30_10.jpg,a
a_30_11.jpg,a
a_30_12.jpg,a
a_30_13.jpg,a
a_30_14.jpg,a
a_30_15.jpg,a
a_30_16.jpg,a
a_30_17.jpg,a
a_30_18.jpg,a
a_30_19.jpg,a
a_30_2.jpg,a
a_30_3.jpg,a
a_30_4.jpg,a
a_30_5.jpg,a
a_30_6.jpg,a
a_30_7.jpg,a
a_30_8.jpg,a
a_30_9.jpg,a
a_60_0.jpg,a
a_60_1.jpg,a
a_60_10.jpg,a
a_60_11.jpg,a
a_60_12.jpg,a
a_60_13.jpg,a
a_60_14.jpg,a
a_60_15.jpg,a
a_60_16.jpg,a
a_60_17.jpg,a
a_60_18.jpg,a
a_60_19.jpg,a
a_60_2.jpg,a
a_60_3.jpg,a
a_60_4.jpg,a
a_60_5.jpg,a
a_60_6.jpg,a
a_60_7.jpg,a
a_60_8.jpg,a
a_60_9.jpg,a
a_90_0.jpg,a
a_90_1.jpg,a
a_90_10.jpg,a
a_90_11.jpg,a
a_90_12.jpg,a
a_90_13.jpg,a
a_90_14.jpg,a
a_90_15.jpg,a
a_90_16.jpg,a
a_90_17.jpg,a
a_90_18.jpg,a
a_90_19.jpg,a
a_90_2.jpg,a
a_90_3.jpg,a
a_90_4.jpg,a
a_90_5.jpg,a
a_90_6.jpg,a
a_90_7.jpg,a
a_90_8.jpg,a
a_90_9.jpg,a
bb_33_0.jpg,bb
bb_33_1.jpg,bb
bb_33_10.jpg,bb
bb_33_11.jpg,bb
bb_33_12.jpg,bb
bb_33_13.jpg,bb
bb_33_14.jpg,bb
bb_33_15.jpg,bb
bb_33_16.jpg,bb
bb_33_17.jpg,bb
bb_33_18.jpg,bb
bb_33_19.jpg,bb
bb_33_2.jpg,bb
bb_33_3.jpg,bb
bb_33_4.jpg,bb
bb_33_5.jpg,bb
bb_33_6.jpg,bb
bb_33_7.jpg,bb
bb_33_8.jpg,bb
bb_33_9.jpg,bb
bb_3_0.jpg,bb
bb_3_1.jpg,bb
bb_3_10.jpg,bb
bb_3_11.jpg,bb
bb_3_12.jpg,bb
bb_3_13.jpg,bb
bb_3_14.jpg,bb
bb_3_15.jpg,bb
bb_3_16.jpg,bb
bb_3_17.jpg,bb
bb_3_18.jpg,bb
bb_3_19.jpg,bb
bb_3_2.jpg,bb
bb_3_3.jpg,bb
bb_3_4.jpg,bb
bb_3_5.jpg,bb
bb_3_6.jpg,bb
bb_3_7.jpg,bb
bb_3_8.jpg,bb
bb_3_9.jpg,bb
bb_63_0.jpg,bb
bb_63_1.jpg,bb
bb_63_10.jpg,bb
bb_63_11.jpg,bb
bb_63_12.jpg,bb
bb_63_13.jpg,bb
bb_63_14.jpg,bb
bb_63_15.jpg,bb
bb_63_16.jpg,bb
bb_63_17.jpg,bb
bb_63_18.jpg,bb
bb_63_19.jpg,bb
bb_63_2.jpg,bb
bb_63_3.jpg,bb
bb_63_4.jpg,bb
bb_63_5.jpg,bb
bb_63_6.jpg,bb
bb_63_7.jpg,bb
bb_63_8.jpg,bb
bb_63_9.jpg,bb
bb_93_0.jpg,bb
bb_93_1.jpg,bb
bb_93_10.jpg,bb
bb_93_11.jpg,bb
bb_93_12.jpg,bb
bb_93_13.jpg,bb
bb_93_14.jpg,bb
bb_93_15.jpg,bb
bb_93_16.jpg,bb
bb_93_17.jpg,bb
bb_93_18.jpg,bb
bb_93_19.jpg,bb
bb_93_2.jpg,bb
bb_93_3.jpg,bb
bb_93_4.jpg,bb
bb_93_5.jpg,bb
bb_93_6.jpg,bb
bb_93_7.jpg,bb
bb_93_8.jpg,bb
bb_93_9.jpg,bb
b_2_0.jpg,b
b_2_1.jpg,b
b_2_10.jpg,b
b_2_11.jpg,b
b_2_12.jpg,b
b_2_13.jpg,b
b_2_14.jpg,b
b_2_15.jpg,b
b_2_16.jpg,b
b_2_17.jpg,b
b_2_18.jpg,b
b_2_19.jpg,b
b_2_2.jpg,b
b_2_3.jpg,b
b_2_4.jpg,b
b_2_5.jpg,b
b_2_6.jpg,b
b_2_7.jpg,b
b_2_8.jpg,b
b_2_9.jpg,b
b_32_0.jpg,b
b_32_1.jpg,b
b_32_10.jpg,b
b_32_11.jpg,b
b_32_12.jpg,b
b_32_13.jpg,b
b_32_14.jpg,b
b_32_15.jpg,b
b_32_16.jpg,b
b_32_17.jpg,b
b_32_18.jpg,b
b_32_19.jpg,b
b_32_2.jpg,b
b_32_3.jpg,b
b_32_4.jpg,b
b_32_5.jpg,b
b_32_6.jpg,b
b_32_7.jpg,b
b_32_8.jpg,b
b_32_9.jpg,b
b_62_0.jpg,b
b_62_1.jpg,b
b_62_10.jpg,b
b_62_11.jpg,b
b_62_12.jpg,b
b_62_13.jpg,b
b_62_14.jpg,b
b_62_15.jpg,b
b_62_16.jpg,b
b_62_17.jpg,b
b_62_18.jpg,b
b_62_19.jpg,b
b_62_2.jpg,b
b_62_3.jpg,b
b_62_4.jpg,b
b_62_5.jpg,b
b_62_6.jpg,b
b_62_7.jpg,b
b_62_8.jpg,b
b_62_9.jpg,b
b_92_0.jpg,b
b_92_1.jpg,b
b_92_10.jpg,b
b_92_11.jpg,b
b_92_12.jpg,b
b_92_13.jpg,b
b_92_14.jpg,b
b_92_15.jpg,b
b_92_16.jpg,b
b_92_17.jpg,b
b_92_18.jpg,b
b_92_19.jpg,b
b_92_2.jpg,b
b_92_3.jpg,b
b_92_4.jpg,b
b_92_5.jpg,b
b_92_6.jpg,b
b_92_7.jpg,b
b_92_8.jpg,b
b_92_9.jpg,b
ch_34_0.jpg,ch
ch_34_1.jpg,ch
ch_34_10.jpg,ch
ch_34_11.jpg,ch
ch_34_12.jpg,ch
ch_34_13.jpg,ch
ch_34_14.jpg,ch
ch_34_15.jpg,ch
ch_34_16.jpg,ch
ch_34_17.jpg,ch
ch_34_18.jpg,ch
ch_34_19.jpg,ch
ch_34_2.jpg,ch
ch_34_3.jpg,ch
ch_34_4.jpg,ch
ch_34_5.jpg,ch
ch_34_6.jpg,ch
ch_34_7.jpg,ch
ch_34_8.jpg,ch
ch_34_9.jpg,ch
ch_4_0.jpg,ch
ch_4_1.jpg,ch
ch_4_10.jpg,ch
ch_4_11.jpg,ch
ch_4_12.jpg,ch
ch_4_13.jpg,ch
ch_4_14.jpg,ch
ch_4_15.jpg,ch
ch_4_16.jpg,ch
ch_4_17.jpg,ch
ch_4_18.jpg,ch
ch_4_19.jpg,ch
ch_4_2.jpg,ch
ch_4_3.jpg,ch
ch_4_4.jpg,ch
ch_4_5.jpg,ch
ch_4_6.jpg,ch
ch_4_7.jpg,ch
ch_4_8.jpg,ch
ch_4_9.jpg,ch
ch_64_0.jpg,ch
ch_64_1.jpg,ch
ch_64_10.jpg,ch
ch_64_11.jpg,ch
ch_64_12.jpg,ch
ch_64_13.jpg,ch
ch_64_14.jpg,ch
ch_64_15.jpg,ch
ch_64_16.jpg,ch
ch_64_17.jpg,ch
ch_64_18.jpg,ch
ch_64_19.jpg,ch
ch_64_2.jpg,ch
ch_64_3.jpg,ch
ch_64_4.jpg,ch
ch_64_5.jpg,ch
ch_64_6.jpg,ch
ch_64_7.jpg,ch
ch_64_8.jpg,ch
ch_64_9.jpg,ch
ch_94_0.jpg,ch
ch_94_1.jpg,ch
ch_94_10.jpg,ch
ch_94_11.jpg,ch
ch_94_12.jpg,ch
ch_94_13.jpg,ch
ch_94_14.jpg,ch
ch_94_15.jpg,ch
ch_94_16.jpg,ch
ch_94_17.jpg,ch
ch_94_18.jpg,ch
ch_94_19.jpg,ch
ch_94_2.jpg,ch
ch_94_3.jpg,ch
ch_94_4.jpg,ch
ch_94_5.jpg,ch
ch_94_6.jpg,ch
ch_94_7.jpg,ch
ch_94_8.jpg,ch
ch_94_9.jpg,ch
d_35_0.jpg,d
d_35_1.jpg,d
d_35_10.jpg,d
d_35_11.jpg,d
d_35_12.jpg,d
d_35_13.jpg,d
d_35_14.jpg,d
d_35_15.jpg,d
d_35_16.jpg,d
d_35_17.jpg,d
d_35_18.jpg,d
d_35_19.jpg,d
d_35_2.jpg,d
d_35_3.jpg,d
d_35_4.jpg,d
d_35_5.jpg,d
d_35_6.jpg,d
d_35_7.jpg,d
d_35_8.jpg,d
d_35_9.jpg,d
d_5_0.jpg,d
d_5_1.jpg,d
d_5_10.jpg,d
d_5_11.jpg,d
d_5_12.jpg,d
d_5_13.jpg,d
d_5_14.jpg,d
d_5_15.jpg,d
d_5_16.jpg,d
d_5_17.jpg,d
d_5_18.jpg,d
d_5_19.jpg,d
d_5_2.jpg,d
d_5_3.jpg,d
d_5_4.jpg,d
d_5_5.jpg,d
d_5_6.jpg,d
d_5_7.jpg,d
d_5_8.jpg,d
d_5_9.jpg,d
d_65_0.jpg,d
d_65_1.jpg,d
d_65_10.jpg,d
d_65_11.jpg,d
d_65_12.jpg,d
d_65_13.jpg,d
d_65_14.jpg,d
d_65_15.jpg,d
d_65_16.jpg,d
d_65_17.jpg,d
d_65_18.jpg,d
d_65_19.jpg,d
d_65_2.jpg,d
d_65_3.jpg,d
d_65_4.jpg,d
d_65_5.jpg,d
d_65_6.jpg,d
d_65_7.jpg,d
d_65_8.jpg,d
d_65_9.jpg,d
d_95_0.jpg,d
d_95_1.jpg,d
d_95_10.jpg,d
d_95_11.jpg,d
d_95_12.jpg,d
d_95_13.jpg,d
d_95_14.jpg,d
d_95_15.jpg,d
d_95_16.jpg,d
d_95_17.jpg,d
d_95_18.jpg,d
d_95_19.jpg,d
d_95_2.jpg,d
d_95_3.jpg,d
d_95_4.jpg,d
d_95_5.jpg,d
d_95_6.jpg,d
d_95_7.jpg,d
d_95_8.jpg,d
d_95_9.jpg,d
eo_37_0.jpg,eo
eo_37_1.jpg,eo
eo_37_10.jpg,eo
eo_37_11.jpg,eo
eo_37_12.jpg,eo
eo_37_13.jpg,eo
eo_37_14.jpg,eo
eo_37_15.jpg,eo
eo_37_16.jpg,eo
eo_37_17.jpg,eo
eo_37_18.jpg,eo
eo_37_19.jpg,eo
eo_37_2.jpg,eo
eo_37_3.jpg,eo
eo_37_4.jpg,eo
eo_37_5.jpg,eo
eo_37_6.jpg,eo
eo_37_7.jpg,eo
eo_37_8.jpg,eo
eo_37_9.jpg,eo
eo_67_0.jpg,eo
eo_67_1.jpg,eo
eo_67_10.jpg,eo
eo_67_11.jpg,eo
eo_67_12.jpg,eo
eo_67_13.jpg,eo
eo_67_14.jpg,eo
eo_67_15.jpg,eo
eo_67_16.jpg,eo
eo_67_17.jpg,eo
eo_67_18.jpg,eo
eo_67_19.jpg,eo
eo_67_2.jpg,eo
eo_67_3.jpg,eo
eo_67_4.jpg,eo
eo_67_5.jpg,eo
eo_67_6.jpg,eo
eo_67_7.jpg,eo
eo_67_8.jpg,eo
eo_67_9.jpg,eo
eo_7_0.jpg,eo
eo_7_1.jpg,eo
eo_7_10.jpg,eo
eo_7_11.jpg,eo
eo_7_12.jpg,eo
eo_7_13.jpg,eo
eo_7_14.jpg,eo
eo_7_15.jpg,eo
eo_7_16.jpg,eo
eo_7_17.jpg,eo
eo_7_18.jpg,eo
eo_7_19.jpg,eo
eo_7_2.jpg,eo
eo_7_3.jpg,eo
eo_7_4.jpg,eo
eo_7_5.jpg,eo
eo_7_6.jpg,eo
eo_7_7.jpg,eo
eo_7_8.jpg,eo
eo_7_9.jpg,eo
eo_97_0.jpg,eo
eo_97_1.jpg,eo
eo_97_10.jpg,eo
eo_97_11.jpg,eo
eo_97_12.jpg,eo
eo_97_13.jpg,eo
eo_97_14.jpg,eo
eo_97_15.jpg,eo
eo_97_16.jpg,eo
eo_97_17.jpg,eo
eo_97_18.jpg,eo
eo_97_19.jpg,eo
eo_97_2.jpg,eo
eo_97_3.jpg,eo
eo_97_4.jpg,eo
eo_97_5.jpg,eo
eo_97_6.jpg,eo
eo_97_7.jpg,eo
eo_97_8.jpg,eo
eo_97_9.jpg,eo
eu_38_0.jpg,eu
eu_38_1.jpg,eu
eu_38_10.jpg,eu
eu_38_11.jpg,eu
eu_38_12.jpg,eu
eu_38_13.jpg,eu
eu_38_14.jpg,eu
eu_38_15.jpg,eu
eu_38_16.jpg,eu
eu_38_17.jpg,eu
eu_38_18.jpg,eu
eu_38_19.jpg,eu
eu_38_2.jpg,eu
eu_38_3.jpg,eu
eu_38_4.jpg,eu
eu_38_5.jpg,eu
eu_38_6.jpg,eu
eu_38_7.jpg,eu
eu_38_8.jpg,eu
eu_38_9.jpg,eu
eu_68_0.jpg,eu
eu_68_1.jpg,eu
eu_68_10.jpg,eu
eu_68_11.jpg,eu
eu_68_12.jpg,eu
eu_68_13.jpg,eu
eu_68_14.jpg,eu
eu_68_15.jpg,eu
eu_68_16.jpg,eu
eu_68_17.jpg,eu
eu_68_18.jpg,eu
eu_68_19.jpg,eu
eu_68_2.jpg,eu
eu_68_3.jpg,eu
eu_68_4.jpg,eu
eu_68_5.jpg,eu
eu_68_6.jpg,eu
eu_68_7.jpg,eu
eu_68_8.jpg,eu
eu_68_9.jpg,eu
eu_8_0.jpg,eu
eu_8_1.jpg,eu
eu_8_10.jpg,eu
eu_8_11.jpg,eu
eu_8_12.jpg,eu
eu_8_13.jpg,eu
eu_8_14.jpg,eu
eu_8_15.jpg,eu
eu_8_16.jpg,eu
eu_8_17.jpg,eu
eu_8_18.jpg,eu
eu_8_19.jpg,eu
eu_8_2.jpg,eu
eu_8_3.jpg,eu
eu_8_4.jpg,eu
eu_8_5.jpg,eu
eu_8_6.jpg,eu
eu_8_7.jpg,eu
eu_8_8.jpg,eu
eu_8_9.jpg,eu
eu_98_0.jpg,eu
eu_98_1.jpg,eu
eu_98_10.jpg,eu
eu_98_11.jpg,eu
eu_98_12.jpg,eu
eu_98_13.jpg,eu
eu_98_14.jpg,eu
eu_98_15.jpg,eu
eu_98_16.jpg,eu
eu_98_17.jpg,eu
eu_98_18.jpg,eu
eu_98_19.jpg,eu
eu_98_2.jpg,eu
eu_98_3.jpg,eu
eu_98_4.jpg,eu
eu_98_5.jpg,eu
eu_98_6.jpg,eu
eu_98_7.jpg,eu
eu_98_8.jpg,eu
eu_98_9.jpg,eu
e_36_0.jpg,e
e_36_1.jpg,e
e_36_10.jpg,e
e_36_11.jpg,e
e_36_12.jpg,e
e_36_13.jpg,e
e_36_14.jpg,e
e_36_15.jpg,e
e_36_16.jpg,e
e_36_17.jpg,e
e_36_18.jpg,e
e_36_19.jpg,e
e_36_2.jpg,e
e_36_3.jpg,e
e_36_4.jpg,e
e_36_5.jpg,e
e_36_6.jpg,e
e_36_7.jpg,e
e_36_8.jpg,e
e_36_9.jpg,e
e_66_0.jpg,e
e_66_1.jpg,e
e_66_10.jpg,e
e_66_11.jpg,e
e_66_12.jpg,e
e_66_13.jpg,e
e_66_14.jpg,e
e_66_15.jpg,e
e_66_16.jpg,e
e_66_17.jpg,e
e_66_18.jpg,e
e_66_19.jpg,e
e_66_2.jpg,e
e_66_3.jpg,e
e_66_4.jpg,e
e_66_5.jpg,e
e_66_6.jpg,e
e_66_7.jpg,e
e_66_8.jpg,e
e_66_9.jpg,e
e_6_0.jpg,e
e_6_1.jpg,e
e_6_10.jpg,e
e_6_11.jpg,e
e_6_12.jpg,e
e_6_13.jpg,e
e_6_14.jpg,e
e_6_15.jpg,e
e_6_16.jpg,e
e_6_17.jpg,e
e_6_18.jpg,e
e_6_19.jpg,e
e_6_2.jpg,e
e_6_3.jpg,e
e_6_4.jpg,e
e_6_5.jpg,e
e_6_6.jpg,e
e_6_7.jpg,e
e_6_8.jpg,e
e_6_9.jpg,e
e_96_0.jpg,e
e_96_1.jpg,e
e_96_10.jpg,e
e_96_11.jpg,e
e_96_12.jpg,e
e_96_13.jpg,e
e_96_14.jpg,e
e_96_15.jpg,e
e_96_16.jpg,e
e_96_17.jpg,e
e_96_18.jpg,e
e_96_19.jpg,e
e_96_2.jpg,e
e_96_3.jpg,e
e_96_4.jpg,e
e_96_5.jpg,e
e_96_6.jpg,e
e_96_7.jpg,e
e_96_8.jpg,e
e_96_9.jpg,e
gg_100_0.jpg,gg
gg_100_1.jpg,gg
gg_100_10.jpg,gg
gg_100_11.jpg,gg
gg_100_12.jpg,gg
gg_100_13.jpg,gg
gg_100_14.jpg,gg
gg_100_15.jpg,gg
gg_100_16.jpg,gg
gg_100_17.jpg,gg
gg_100_18.jpg,gg
gg_100_19.jpg,gg
gg_100_2.jpg,gg
gg_100_3.jpg,gg
gg_100_4.jpg,gg
gg_100_5.jpg,gg
gg_100_6.jpg,gg
gg_100_7.jpg,gg
gg_100_8.jpg,gg
gg_100_9.jpg,gg
gg_10_0.jpg,gg
gg_10_1.jpg,gg
gg_10_10.jpg,gg
gg_10_11.jpg,gg
gg_10_12.jpg,gg
gg_10_13.jpg,gg
gg_10_14.jpg,gg
gg_10_15.jpg,gg
gg_10_16.jpg,gg
gg_10_17.jpg,gg
gg_10_18.jpg,gg
gg_10_19.jpg,gg
gg_10_2.jpg,gg
gg_10_3.jpg,gg
gg_10_4.jpg,gg
gg_10_5.jpg,gg
gg_10_6.jpg,gg
gg_10_7.jpg,gg
gg_10_8.jpg,gg
gg_10_9.jpg,gg
gg_40_0.jpg,gg
gg_40_1.jpg,gg
gg_40_10.jpg,gg
gg_40_11.jpg,gg
gg_40_12.jpg,gg
gg_40_13.jpg,gg
gg_40_14.jpg,gg
gg_40_15.jpg,gg
gg_40_16.jpg,gg
gg_40_17.jpg,gg
gg_40_18.jpg,gg
gg_40_19.jpg,gg
gg_40_2.jpg,gg
gg_40_3.jpg,gg
gg_40_4.jpg,gg
gg_40_5.jpg,gg
gg_40_6.jpg,gg
gg_40_7.jpg,gg
gg_40_8.jpg,gg
gg_40_9.jpg,gg
gg_70_0.jpg,gg
gg_70_1.jpg,gg
gg_70_10.jpg,gg
gg_70_11.jpg,gg
gg_70_12.jpg,gg
gg_70_13.jpg,gg
gg_70_14.jpg,gg
gg_70_15.jpg,gg
gg_70_16.jpg,gg
gg_70_17.jpg,gg
gg_70_18.jpg,gg
gg_70_19.jpg,gg
gg_70_2.jpg,gg
gg_70_3.jpg,gg
gg_70_4.jpg,gg
gg_70_5.jpg,gg
gg_70_6.jpg,gg
gg_70_7.jpg,gg
gg_70_8.jpg,gg
gg_70_9.jpg,gg
g_39_0.jpg,g
g_39_1.jpg,g
g_39_10.jpg,g
g_39_11.jpg,g
g_39_12.jpg,g
g_39_13.jpg,g
g_39_14.jpg,g
g_39_15.jpg,g
g_39_16.jpg,g
g_39_17.jpg,g
g_39_18.jpg,g
g_39_19.jpg,g
g_39_2.jpg,g
g_39_3.jpg,g
g_39_4.jpg,g
g_39_5.jpg,g
g_39_6.jpg,g
g_39_7.jpg,g
g_39_8.jpg,g
g_39_9.jpg,g
g_69_0.jpg,g
g_69_1.jpg,g
g_69_10.jpg,g
g_69_11.jpg,g
g_69_12.jpg,g
g_69_13.jpg,g
g_69_14.jpg,g
g_69_15.jpg,g
g_69_16.jpg,g
g_69_17.jpg,g
g_69_18.jpg,g
g_69_19.jpg,g
g_69_2.jpg,g
g_69_3.jpg,g
g_69_4.jpg,g
g_69_5.jpg,g
g_69_6.jpg,g
g_69_7.jpg,g
g_69_8.jpg,g
g_69_9.jpg,g
g_99_0.jpg,g
g_99_1.jpg,g
g_99_10.jpg,g
g_99_11.jpg,g
g_99_12.jpg,g
g_99_13.jpg,g
g_99_14.jpg,g
g_99_15.jpg,g
g_99_16.jpg,g
g_99_17.jpg,g
g_99_18.jpg,g
g_99_19.jpg,g
g_99_2.jpg,g
g_99_3.jpg,g
g_99_4.jpg,g
g_99_5.jpg,g
g_99_6.jpg,g
g_99_7.jpg,g
g_99_8.jpg,g
g_99_9.jpg,g
g_9_0.jpg,g
g_9_1.jpg,g
g_9_10.jpg,g
g_9_11.jpg,g
g_9_12.jpg,g
g_9_13.jpg,g
g_9_14.jpg,g
g_9_15.jpg,g
g_9_16.jpg,g
g_9_17.jpg,g
g_9_18.jpg,g
g_9_19.jpg,g
g_9_2.jpg,g
g_9_3.jpg,g
g_9_4.jpg,g
g_9_5.jpg,g
g_9_6.jpg,g
g_9_7.jpg,g
g_9_8.jpg,g
g_9_9.jpg,g
h_101_0.jpg,h
h_101_1.jpg,h
h_101_10.jpg,h
h_101_11.jpg,h
h_101_12.jpg,h
h_101_13.jpg,h
h_101_14.jpg,h
h_101_15.jpg,h
h_101_16.jpg,h
h_101_17.jpg,h
h_101_18.jpg,h
h_101_19.jpg,h
h_101_2.jpg,h
h_101_3.jpg,h
h_101_4.jpg,h
h_101_5.jpg,h
h_101_6.jpg,h
h_101_7.jpg,h
h_101_8.jpg,h
h_101_9.jpg,h
h_11_0.jpg,h
h_11_1.jpg,h
h_11_10.jpg,h
h_11_11.jpg,h
h_11_12.jpg,h
h_11_13.jpg,h
h_11_14.jpg,h
h_11_15.jpg,h
h_11_16.jpg,h
h_11_17.jpg,h
h_11_18.jpg,h
h_11_19.jpg,h
h_11_2.jpg,h
h_11_3.jpg,h
h_11_4.jpg,h
h_11_5.jpg,h
h_11_6.jpg,h
h_11_7.jpg,h
h_11_8.jpg,h
h_11_9.jpg,h
h_41_0.jpg,h
h_41_1.jpg,h
h_41_10.jpg,h
h_41_11.jpg,h
h_41_12.jpg,h
h_41_13.jpg,h
h_41_14.jpg,h
h_41_15.jpg,h
h_41_16.jpg,h
h_41_17.jpg,h
h_41_18.jpg,h
h_41_19.jpg,h
h_41_2.jpg,h
h_41_3.jpg,h
h_41_4.jpg,h
h_41_5.jpg,h
h_41_6.jpg,h
h_41_7.jpg,h
h_41_8.jpg,h
h_41_9.jpg,h
h_71_0.jpg,h
h_71_1.jpg,h
h_71_10.jpg,h
h_71_11.jpg,h
h_71_12.jpg,h
h_71_13.jpg,h
h_71_14.jpg,h
h_71_15.jpg,h
h_71_16.jpg,h
h_71_17.jpg,h
h_71_18.jpg,h
h_71_19.jpg,h
h_71_2.jpg,h
h_71_3.jpg,h
h_71_4.jpg,h
h_71_5.jpg,h
h_71_6.jpg,h
h_71_7.jpg,h
h_71_8.jpg,h
h_71_9.jpg,h
i_102_0.jpg,i
i_102_1.jpg,i
i_102_10.jpg,i
i_102_11.jpg,i
i_102_12.jpg,i
i_102_13.jpg,i
i_102_14.jpg,i
i_102_15.jpg,i
i_102_16.jpg,i
i_102_17.jpg,i
i_102_18.jpg,i
i_102_19.jpg,i
i_102_2.jpg,i
i_102_3.jpg,i
i_102_4.jpg,i
i_102_5.jpg,i
i_102_6.jpg,i
i_102_7.jpg,i
i_102_8.jpg,i
i_102_9.jpg,i
i_12_0.jpg,i
i_12_1.jpg,i
i_12_10.jpg,i
i_12_11.jpg,i
i_12_12.jpg,i
i_12_13.jpg,i
i_12_14.jpg,i
i_12_15.jpg,i
i_12_16.jpg,i
i_12_17.jpg,i
i_12_18.jpg,i
i_12_19.jpg,i
i_12_2.jpg,i
i_12_3.jpg,i
i_12_4.jpg,i
i_12_5.jpg,i
i_12_6.jpg,i
i_12_7.jpg,i
i_12_8.jpg,i
i_12_9.jpg,i
i_42_0.jpg,i
i_42_1.jpg,i
i_42_10.jpg,i
i_42_11.jpg,i
i_42_12.jpg,i
i_42_13.jpg,i
i_42_14.jpg,i
i_42_15.jpg,i
i_42_16.jpg,i
i_42_17.jpg,i
i_42_18.jpg,i
i_42_19.jpg,i
i_42_2.jpg,i
i_42_3.jpg,i
i_42_4.jpg,i
i_42_5.jpg,i
i_42_6.jpg,i
i_42_7.jpg,i
i_42_8.jpg,i
i_42_9.jpg,i
i_72_0.jpg,i
i_72_1.jpg,i
i_72_10.jpg,i
i_72_11.jpg,i
i_72_12.jpg,i
i_72_13.jpg,i
i_72_14.jpg,i
i_72_15.jpg,i
i_72_16.jpg,i
i_72_17.jpg,i
i_72_18.jpg,i
i_72_19.jpg,i
i_72_2.jpg,i
i_72_3.jpg,i
i_72_4.jpg,i
i_72_5.jpg,i
i_72_6.jpg,i
i_72_7.jpg,i
i_72_8.jpg,i
i_72_9.jpg,i
j_103_0.jpg,j
j_103_1.jpg,j
j_103_10.jpg,j
j_103_11.jpg,j
j_103_12.jpg,j
j_103_13.jpg,j
j_103_14.jpg,j
j_103_15.jpg,j
j_103_16.jpg,j
j_103_17.jpg,j
j_103_18.jpg,j
j_103_19.jpg,j
j_103_2.jpg,j
j_103_3.jpg,j
j_103_4.jpg,j
j_103_5.jpg,j
j_103_6.jpg,j
j_103_7.jpg,j
j_103_8.jpg,j
j_103_9.jpg,j
j_13_0.jpg,j
j_13_1.jpg,j
j_13_10.jpg,j
j_13_11.jpg,j
j_13_12.jpg,j
j_13_13.jpg,j
j_13_14.jpg,j
j_13_15.jpg,j
j_13_16.jpg,j
j_13_17.jpg,j
j_13_18.jpg,j
j_13_19.jpg,j
j_13_2.jpg,j
j_13_3.jpg,j
j_13_4.jpg,j
j_13_5.jpg,j
j_13_6.jpg,j
j_13_7.jpg,j
j_13_8.jpg,j
j_13_9.jpg,j
j_43_0.jpg,j
j_43_1.jpg,j
j_43_10.jpg,j
j_43_11.jpg,j
j_43_12.jpg,j
j_43_13.jpg,j
j_43_14.jpg,j
j_43_15.jpg,j
j_43_16.jpg,j
j_43_17.jpg,j
j_43_18.jpg,j
j_43_19.jpg,j
j_43_2.jpg,j
j_43_3.jpg,j
j_43_4.jpg,j
j_43_5.jpg,j
j_43_6.jpg,j
j_43_7.jpg,j
j_43_8.jpg,j
j_43_9.jpg,j
j_73_0.jpg,j
j_73_1.jpg,j
j_73_10.jpg,j
j_73_11.jpg,j
j_73_12.jpg,j
j_73_13.jpg,j
j_73_14.jpg,j
j_73_15.jpg,j
j_73_16.jpg,j
j_73_17.jpg,j
j_73_18.jpg,j
j_73_19.jpg,j
j_73_2.jpg,j
j_73_3.jpg,j
j_73_4.jpg,j
j_73_5.jpg,j
j_73_6.jpg,j
j_73_7.jpg,j
j_73_8.jpg,j
j_73_9.jpg,j
k_104_0.jpg,k
k_104_1.jpg,k
k_104_10.jpg,k
k_104_11.jpg,k
k_104_12.jpg,k
k_104_13.jpg,k
k_104_14.jpg,k
k_104_15.jpg,k
k_104_16.jpg,k
k_104_17.jpg,k
k_104_18.jpg,k
k_104_19.jpg,k
k_104_2.jpg,k
k_104_3.jpg,k
k_104_4.jpg,k
k_104_5.jpg,k
k_104_6.jpg,k
k_104_7.jpg,k
k_104_8.jpg,k
k_104_9.jpg,k
k_14_0.jpg,k
k_14_1.jpg,k
k_14_10.jpg,k
k_14_11.jpg,k
k_14_12.jpg,k
k_14_13.jpg,k
k_14_14.jpg,k
k_14_15.jpg,k
k_14_16.jpg,k
k_14_17.jpg,k
k_14_18.jpg,k
k_14_19.jpg,k
k_14_2.jpg,k
k_14_3.jpg,k
k_14_4.jpg,k
k_14_5.jpg,k
k_14_6.jpg,k
k_14_7.jpg,k
k_14_8.jpg,k
k_14_9.jpg,k
k_44_0.jpg,k
k_44_1.jpg,k
k_44_10.jpg,k
k_44_11.jpg,k
k_44_12.jpg,k
k_44_13.jpg,k
k_44_14.jpg,k
k_44_15.jpg,k
k_44_16.jpg,k
k_44_17.jpg,k
k_44_18.jpg,k
k_44_19.jpg,k
k_44_2.jpg,k
k_44_3.jpg,k
k_44_4.jpg,k
k_44_5.jpg,k
k_44_6.jpg,k
k_44_7.jpg,k
k_44_8.jpg,k
k_44_9.jpg,k
k_74_0.jpg,k
k_74_1.jpg,k
k_74_10.jpg,k
k_74_11.jpg,k
k_74_12.jpg,k
k_74_13.jpg,k
k_74_14.jpg,k
k_74_15.jpg,k
k_74_16.jpg,k
k_74_17.jpg,k
k_74_18.jpg,k
k_74_19.jpg,k
k_74_2.jpg,k
k_74_3.jpg,k
k_74_4.jpg,k
k_74_5.jpg,k
k_74_6.jpg,k
k_74_7.jpg,k
k_74_8.jpg,k
k_74_9.jpg,k
m_105_0.jpg,m
m_105_1.jpg,m
m_105_10.jpg,m
m_105_11.jpg,m
m_105_12.jpg,m
m_105_13.jpg,m
m_105_14.jpg,m
m_105_15.jpg,m
m_105_16.jpg,m
m_105_17.jpg,m
m_105_18.jpg,m
m_105_19.jpg,m
m_105_2.jpg,m
m_105_3.jpg,m
m_105_4.jpg,m
m_105_5.jpg,m
m_105_6.jpg,m
m_105_7.jpg,m
m_105_8.jpg,m
m_105_9.jpg,m
m_15_0.jpg,m
m_15_1.jpg,m
m_15_10.jpg,m
m_15_11.jpg,m
m_15_12.jpg,m
m_15_13.jpg,m
m_15_14.jpg,m
m_15_15.jpg,m
m_15_16.jpg,m
m_15_17.jpg,m
m_15_18.jpg,m
m_15_19.jpg,m
m_15_2.jpg,m
m_15_3.jpg,m
m_15_4.jpg,m
m_15_5.jpg,m
m_15_6.jpg,m
m_15_7.jpg,m
m_15_8.jpg,m
m_15_9.jpg,m
m_45_0.jpg,m
m_45_1.jpg,m
m_45_10.jpg,m
m_45_11.jpg,m
m_45_12.jpg,m
m_45_13.jpg,m
m_45_14.jpg,m
m_45_15.jpg,m
m_45_16.jpg,m
m_45_17.jpg,m
m_45_18.jpg,m
m_45_19.jpg,m
m_45_2.jpg,m
m_45_3.jpg,m
m_45_4.jpg,m
m_45_5.jpg,m
m_45_6.jpg,m
m_45_7.jpg,m
m_45_8.jpg,m
m_45_9.jpg,m
m_75_0.jpg,m
m_75_1.jpg,m
m_75_10.jpg,m
m_75_11.jpg,m
m_75_12.jpg,m
m_75_13.jpg,m
m_75_14.jpg,m
m_75_15.jpg,m
m_75_16.jpg,m
m_75_17.jpg,m
m_75_18.jpg,m
m_75_19.jpg,m
m_75_2.jpg,m
m_75_3.jpg,m
m_75_4.jpg,m
m_75_5.jpg,m
m_75_6.jpg,m
m_75_7.jpg,m
m_75_8.jpg,m
m_75_9.jpg,m
ng_107_0.jpg,ng
ng_107_1.jpg,ng
ng_107_10.jpg,ng
ng_107_11.jpg,ng
ng_107_12.jpg,ng
ng_107_13.jpg,ng
ng_107_14.jpg,ng
ng_107_15.jpg,ng
ng_107_16.jpg,ng
ng_107_17.jpg,ng
ng_107_18.jpg,ng
ng_107_19.jpg,ng
ng_107_2.jpg,ng
ng_107_3.jpg,ng
ng_107_4.jpg,ng
ng_107_5.jpg,ng
ng_107_6.jpg,ng
ng_107_7.jpg,ng
ng_107_8.jpg,ng
ng_107_9.jpg,ng
ng_17_0.jpg,ng
ng_17_1.jpg,ng
ng_17_10.jpg,ng
ng_17_11.jpg,ng
ng_17_12.jpg,ng
ng_17_13.jpg,ng
ng_17_14.jpg,ng
ng_17_15.jpg,ng
ng_17_16.jpg,ng
ng_17_17.jpg,ng
ng_17_18.jpg,ng
ng_17_19.jpg,ng
ng_17_2.jpg,ng
ng_17_3.jpg,ng
ng_17_4.jpg,ng
ng_17_5.jpg,ng
ng_17_6.jpg,ng
ng_17_7.jpg,ng
ng_17_8.jpg,ng
ng_17_9.jpg,ng
ng_47_0.jpg,ng
ng_47_1.jpg,ng
ng_47_10.jpg,ng
ng_47_11.jpg,ng
ng_47_12.jpg,ng
ng_47_13.jpg,ng
ng_47_14.jpg,ng
ng_47_15.jpg,ng
ng_47_16.jpg,ng
ng_47_17.jpg,ng
ng_47_18.jpg,ng
ng_47_19.jpg,ng
ng_47_2.jpg,ng
ng_47_3.jpg,ng
ng_47_4.jpg,ng
ng_47_5.jpg,ng
ng_47_6.jpg,ng
ng_47_7.jpg,ng
ng_47_8.jpg,ng
ng_47_9.jpg,ng
ng_77_0.jpg,ng
ng_77_1.jpg,ng
ng_77_10.jpg,ng
ng_77_11.jpg,ng
ng_77_12.jpg,ng
ng_77_13.jpg,ng
ng_77_14.jpg,ng
ng_77_15.jpg,ng
ng_77_16.jpg,ng
ng_77_17.jpg,ng
ng_77_18.jpg,ng
ng_77_19.jpg,ng
ng_77_2.jpg,ng
ng_77_3.jpg,ng
ng_77_4.jpg,ng
ng_77_5.jpg,ng
ng_77_6.jpg,ng
ng_77_7.jpg,ng
ng_77_8.jpg,ng
ng_77_9.jpg,ng
n_106_0.jpg,n
n_106_1.jpg,n
n_106_10.jpg,n
n_106_11.jpg,n
n_106_12.jpg,n
n_106_13.jpg,n
n_106_14.jpg,n
n_106_15.jpg,n
n_106_16.jpg,n
n_106_17.jpg,n
n_106_18.jpg,n
n_106_19.jpg,n
n_106_2.jpg,n
n_106_3.jpg,n
n_106_4.jpg,n
n_106_5.jpg,n
n_106_6.jpg,n
n_106_7.jpg,n
n_106_8.jpg,n
n_106_9.jpg,n
n_16_0.jpg,n
n_16_1.jpg,n
n_16_10.jpg,n
n_16_11.jpg,n
n_16_12.jpg,n
n_16_13.jpg,n
n_16_14.jpg,n
n_16_15.jpg,n
n_16_16.jpg,n
n_16_17.jpg,n
n_16_18.jpg,n
n_16_19.jpg,n
n_16_2.jpg,n
n_16_3.jpg,n
n_16_4.jpg,n
n_16_5.jpg,n
n_16_6.jpg,n
n_16_7.jpg,n
n_16_8.jpg,n
n_16_9.jpg,n
n_46_0.jpg,n
n_46_1.jpg,n
n_46_10.jpg,n
n_46_11.jpg,n
n_46_12.jpg,n
n_46_13.jpg,n
n_46_14.jpg,n
n_46_15.jpg,n
n_46_16.jpg,n
n_46_17.jpg,n
n_46_18.jpg,n
n_46_19.jpg,n
n_46_2.jpg,n
n_46_3.jpg,n
n_46_4.jpg,n
n_46_5.jpg,n
n_46_6.jpg,n
n_46_7.jpg,n
n_46_8.jpg,n
n_46_9.jpg,n
n_76_0.jpg,n
n_76_1.jpg,n
n_76_10.jpg,n
n_76_11.jpg,n
n_76_12.jpg,n
n_76_13.jpg,n
n_76_14.jpg,n
n_76_15.jpg,n
n_76_16.jpg,n
n_76_17.jpg,n
n_76_18.jpg,n
n_76_19.jpg,n
n_76_2.jpg,n
n_76_3.jpg,n
n_76_4.jpg,n
n_76_5.jpg,n
n_76_6.jpg,n
n_76_7.jpg,n
n_76_8.jpg,n
n_76_9.jpg,n
o_108_0.jpg,o
o_108_1.jpg,o
o_108_10.jpg,o
o_108_11.jpg,o
o_108_12.jpg,o
o_108_13.jpg,o
o_108_14.jpg,o
o_108_15.jpg,o
o_108_16.jpg,o
o_108_17.jpg,o
o_108_18.jpg,o
o_108_19.jpg,o
o_108_2.jpg,o
o_108_3.jpg,o
o_108_4.jpg,o
o_108_5.jpg,o
o_108_6.jpg,o
o_108_7.jpg,o
o_108_8.jpg,o
o_108_9.jpg,o
o_18_0.jpg,o
o_18_1.jpg,o
o_18_10.jpg,o
o_18_11.jpg,o
o_18_12.jpg,o
o_18_13.jpg,o
o_18_14.jpg,o
o_18_15.jpg,o
o_18_16.jpg,o
o_18_17.jpg,o
o_18_18.jpg,o
o_18_19.jpg,o
o_18_2.jpg,o
o_18_3.jpg,o
o_18_4.jpg,o
o_18_5.jpg,o
o_18_6.jpg,o
o_18_7.jpg,o
o_18_8.jpg,o
o_18_9.jpg,o
o_48_0.jpg,o
o_48_1.jpg,o
o_48_10.jpg,o
o_48_11.jpg,o
o_48_12.jpg,o
o_48_13.jpg,o
o_48_14.jpg,o
o_48_15.jpg,o
o_48_16.jpg,o
o_48_17.jpg,o
o_48_18.jpg,o
o_48_19.jpg,o
o_48_2.jpg,o
o_48_3.jpg,o
o_48_4.jpg,o
o_48_5.jpg,o
o_48_6.jpg,o
o_48_7.jpg,o
o_48_8.jpg,o
o_48_9.jpg,o
o_78_0.jpg,o
o_78_1.jpg,o
o_78_10.jpg,o
o_78_11.jpg,o
o_78_12.jpg,o
o_78_13.jpg,o
o_78_14.jpg,o
o_78_15.jpg,o
o_78_16.jpg,o
o_78_17.jpg,o
o_78_18.jpg,o
o_78_19.jpg,o
o_78_2.jpg,o
o_78_3.jpg,o
o_78_4.jpg,o
o_78_5.jpg,o
o_78_6.jpg,o
o_78_7.jpg,o
o_78_8.jpg,o
o_78_9.jpg,o
p_109_0.jpg,p
p_109_1.jpg,p
p_109_10.jpg,p
p_109_11.jpg,p
p_109_12.jpg,p
p_109_13.jpg,p
p_109_14.jpg,p
p_109_15.jpg,p
p_109_16.jpg,p
p_109_17.jpg,p
p_109_18.jpg,p
p_109_19.jpg,p
p_109_2.jpg,p
p_109_3.jpg,p
p_109_4.jpg,p
p_109_5.jpg,p
p_109_6.jpg,p
p_109_7.jpg,p
p_109_8.jpg,p
p_109_9.jpg,p
p_19_0.jpg,p
p_19_1.jpg,p
p_19_10.jpg,p
p_19_11.jpg,p
p_19_12.jpg,p
p_19_13.jpg,p
p_19_14.jpg,p
p_19_15.jpg,p
p_19_16.jpg,p
p_19_17.jpg,p
p_19_18.jpg,p
p_19_19.jpg,p
p_19_2.jpg,p
p_19_3.jpg,p
p_19_4.jpg,p
p_19_5.jpg,p
p_19_6.jpg,p
p_19_7.jpg,p
p_19_8.jpg,p
p_19_9.jpg,p
p_49_0.jpg,p
p_49_1.jpg,p
p_49_10.jpg,p
p_49_11.jpg,p
p_49_12.jpg,p
p_49_13.jpg,p
p_49_14.jpg,p
p_49_15.jpg,p
p_49_16.jpg,p
p_49_17.jpg,p
p_49_18.jpg,p
p_49_19.jpg,p
p_49_2.jpg,p
p_49_3.jpg,p
p_49_4.jpg,p
p_49_5.jpg,p
p_49_6.jpg,p
p_49_7.jpg,p
p_49_8.jpg,p
p_49_9.jpg,p
p_79_0.jpg,p
p_79_1.jpg,p
p_79_10.jpg,p
p_79_11.jpg,p
p_79_12.jpg,p
p_79_13.jpg,p
p_79_14.jpg,p
p_79_15.jpg,p
p_79_16.jpg,p
p_79_17.jpg,p
p_79_18.jpg,p
p_79_19.jpg,p
p_79_2.jpg,p
p_79_3.jpg,p
p_79_4.jpg,p
p_79_5.jpg,p
p_79_6.jpg,p
p_79_7.jpg,p
p_79_8.jpg,p
p_79_9.jpg,p
r_110_0.jpg,r
r_110_1.jpg,r
r_110_10.jpg,r
r_110_11.jpg,r
r_110_12.jpg,r
r_110_13.jpg,r
r_110_14.jpg,r
r_110_15.jpg,r
r_110_16.jpg,r
r_110_17.jpg,r
r_110_18.jpg,r
r_110_19.jpg,r
r_110_2.jpg,r
r_110_3.jpg,r
r_110_4.jpg,r
r_110_5.jpg,r
r_110_6.jpg,r
r_110_7.jpg,r
r_110_8.jpg,r
r_110_9.jpg,r
r_20_0.jpg,r
r_20_1.jpg,r
r_20_10.jpg,r
r_20_11.jpg,r
r_20_12.jpg,r
r_20_13.jpg,r
r_20_14.jpg,r
r_20_15.jpg,r
r_20_16.jpg,r
r_20_17.jpg,r
r_20_18.jpg,r
r_20_19.jpg,r
r_20_2.jpg,r
r_20_3.jpg,r
r_20_4.jpg,r
r_20_5.jpg,r
r_20_6.jpg,r
r_20_7.jpg,r
r_20_8.jpg,r
r_20_9.jpg,r
r_50_0.jpg,r
r_50_1.jpg,r
r_50_10.jpg,r
r_50_11.jpg,r
r_50_12.jpg,r
r_50_13.jpg,r
r_50_14.jpg,r
r_50_15.jpg,r
r_50_16.jpg,r
r_50_17.jpg,r
r_50_18.jpg,r
r_50_19.jpg,r
r_50_2.jpg,r
r_50_3.jpg,r
r_50_4.jpg,r
r_50_5.jpg,r
r_50_6.jpg,r
r_50_7.jpg,r
r_50_8.jpg,r
r_50_9.jpg,r
r_80_0.jpg,r
r_80_1.jpg,r
r_80_10.jpg,r
r_80_11.jpg,r
r_80_12.jpg,r
r_80_13.jpg,r
r_80_14.jpg,r
r_80_15.jpg,r
r_80_16.jpg,r
r_80_17.jpg,r
r_80_18.jpg,r
r_80_19.jpg,r
r_80_2.jpg,r
r_80_3.jpg,r
r_80_4.jpg,r
r_80_5.jpg,r
r_80_6.jpg,r
r_80_7.jpg,r
r_80_8.jpg,r
r_80_9.jpg,r
ss_112_0.jpg,ss
ss_112_1.jpg,ss
ss_112_10.jpg,ss
ss_112_11.jpg,ss
ss_112_12.jpg,ss
ss_112_13.jpg,ss
ss_112_14.jpg,ss
ss_112_15.jpg,ss
ss_112_16.jpg,ss
ss_112_17.jpg,ss
ss_112_18.jpg,ss
ss_112_19.jpg,ss
ss_112_2.jpg,ss
ss_112_3.jpg,ss
ss_112_4.jpg,ss
ss_112_5.jpg,ss
ss_112_6.jpg,ss
ss_112_7.jpg,ss
ss_112_8.jpg,ss
ss_112_9.jpg,ss
ss_22_0.jpg,ss
ss_22_1.jpg,ss
ss_22_10.jpg,ss
ss_22_11.jpg,ss
ss_22_12.jpg,ss
ss_22_13.jpg,ss
ss_22_14.jpg,ss
ss_22_15.jpg,ss
ss_22_16.jpg,ss
ss_22_17.jpg,ss
ss_22_18.jpg,ss
ss_22_19.jpg,ss
ss_22_2.jpg,ss
ss_22_3.jpg,ss
ss_22_4.jpg,ss
ss_22_5.jpg,ss
ss_22_6.jpg,ss
ss_22_7.jpg,ss
ss_22_8.jpg,ss
ss_22_9.jpg,ss
ss_52_0.jpg,ss
ss_52_1.jpg,ss
ss_52_10.jpg,ss
ss_52_11.jpg,ss
ss_52_12.jpg,ss
ss_52_13.jpg,ss
ss_52_14.jpg,ss
ss_52_15.jpg,ss
ss_52_16.jpg,ss
ss_52_17.jpg,ss
ss_52_18.jpg,ss
ss_52_19.jpg,ss
ss_52_2.jpg,ss
ss_52_3.jpg,ss
ss_52_4.jpg,ss
ss_52_5.jpg,ss
ss_52_6.jpg,ss
ss_52_7.jpg,ss
ss_52_8.jpg,ss
ss_52_9.jpg,ss
ss_82_0.jpg,ss
ss_82_1.jpg,ss
ss_82_10.jpg,ss
ss_82_11.jpg,ss
ss_82_12.jpg,ss
ss_82_13.jpg,ss
ss_82_14.jpg,ss
ss_82_15.jpg,ss
ss_82_16.jpg,ss
ss_82_17.jpg,ss
ss_82_18.jpg,ss
ss_82_19.jpg,ss
ss_82_2.jpg,ss
ss_82_3.jpg,ss
ss_82_4.jpg,ss
ss_82_5.jpg,ss
ss_82_6.jpg,ss
ss_82_7.jpg,ss
ss_82_8.jpg,ss
ss_82_9.jpg,ss
s_111_0.jpg,s
s_111_1.jpg,s
s_111_10.jpg,s
s_111_11.jpg,s
s_111_12.jpg,s
s_111_13.jpg,s
s_111_14.jpg,s
s_111_15.jpg,s
s_111_16.jpg,s
s_111_17.jpg,s
s_111_18.jpg,s
s_111_19.jpg,s
s_111_2.jpg,s
s_111_3.jpg,s
s_111_4.jpg,s
s_111_5.jpg,s
s_111_6.jpg,s
s_111_7.jpg,s
s_111_8.jpg,s
s_111_9.jpg,s
s_21_0.jpg,s
s_21_1.jpg,s
s_21_10.jpg,s
s_21_11.jpg,s
s_21_12.jpg,s
s_21_13.jpg,s
s_21_14.jpg,s
s_21_15.jpg,s
s_21_16.jpg,s
s_21_17.jpg,s
s_21_18.jpg,s
s_21_19.jpg,s
s_21_2.jpg,s
s_21_3.jpg,s
s_21_4.jpg,s
s_21_5.jpg,s
s_21_6.jpg,s
s_21_7.jpg,s
s_21_8.jpg,s
s_21_9.jpg,s
s_51_0.jpg,s
s_51_1.jpg,s
s_51_10.jpg,s
s_51_11.jpg,s
s_51_12.jpg,s
s_51_13.jpg,s
s_51_14.jpg,s
s_51_15.jpg,s
s_51_16.jpg,s
s_51_17.jpg,s
s_51_18.jpg,s
s_51_19.jpg,s
s_51_2.jpg,s
s_51_3.jpg,s
s_51_4.jpg,s
s_51_5.jpg,s
s_51_6.jpg,s
s_51_7.jpg,s
s_51_8.jpg,s
s_51_9.jpg,s
s_81_0.jpg,s
s_81_1.jpg,s
s_81_10.jpg,s
s_81_11.jpg,s
s_81_12.jpg,s
s_81_13.jpg,s
s_81_14.jpg,s
s_81_15.jpg,s
s_81_16.jpg,s
s_81_17.jpg,s
s_81_18.jpg,s
s_81_19.jpg,s
s_81_2.jpg,s
s_81_3.jpg,s
s_81_4.jpg,s
s_81_5.jpg,s
s_81_6.jpg,s
s_81_7.jpg,s
s_81_8.jpg,s
s_81_9.jpg,s
t_113_0.jpg,t
t_113_1.jpg,t
t_113_10.jpg,t
t_113_11.jpg,t
t_113_12.jpg,t
t_113_13.jpg,t
t_113_14.jpg,t
t_113_15.jpg,t
t_113_16.jpg,t
t_113_17.jpg,t
t_113_18.jpg,t
t_113_19.jpg,t
t_113_2.jpg,t
t_113_3.jpg,t
t_113_4.jpg,t
t_113_5.jpg,t
t_113_6.jpg,t
t_113_7.jpg,t
t_113_8.jpg,t
t_113_9.jpg,t
t_23_0.jpg,t
t_23_1.jpg,t
t_23_10.jpg,t
t_23_11.jpg,t
t_23_12.jpg,t
t_23_13.jpg,t
t_23_14.jpg,t
t_23_15.jpg,t
t_23_16.jpg,t
t_23_17.jpg,t
t_23_18.jpg,t
t_23_19.jpg,t
t_23_2.jpg,t
t_23_3.jpg,t
t_23_4.jpg,t
t_23_5.jpg,t
t_23_6.jpg,t
t_23_7.jpg,t
t_23_8.jpg,t
t_23_9.jpg,t
t_53_0.jpg,t
t_53_1.jpg,t
t_53_10.jpg,t
t_53_11.jpg,t
t_53_12.jpg,t
t_53_13.jpg,t
t_53_14.jpg,t
t_53_15.jpg,t
t_53_16.jpg,t
t_53_17.jpg,t
t_53_18.jpg,t
t_53_19.jpg,t
t_53_2.jpg,t
t_53_3.jpg,t
t_53_4.jpg,t
t_53_5.jpg,t
t_53_6.jpg,t
t_53_7.jpg,t
t_53_8.jpg,t
t_53_9.jpg,t
t_83_0.jpg,t
t_83_1.jpg,t
t_83_10.jpg,t
t_83_11.jpg,t
t_83_12.jpg,t
t_83_13.jpg,t
t_83_14.jpg,t
t_83_15.jpg,t
t_83_16.jpg,t
t_83_17.jpg,t
t_83_18.jpg,t
t_83_19.jpg,t
t_83_2.jpg,t
t_83_3.jpg,t
t_83_4.jpg,t
t_83_5.jpg,t
t_83_6.jpg,t
t_83_7.jpg,t
t_83_8.jpg,t
t_83_9.jpg,t
u_114_0.jpg,u
u_114_1.jpg,u
u_114_10.jpg,u
u_114_11.jpg,u
u_114_12.jpg,u
u_114_13.jpg,u
u_114_14.jpg,u
u_114_15.jpg,u
u_114_16.jpg,u
u_114_17.jpg,u
u_114_18.jpg,u
u_114_19.jpg,u
u_114_2.jpg,u
u_114_3.jpg,u
u_114_4.jpg,u
u_114_5.jpg,u
u_114_6.jpg,u
u_114_7.jpg,u
u_114_8.jpg,u
u_114_9.jpg,u
u_24_0.jpg,u
u_24_1.jpg,u
u_24_10.jpg,u
u_24_11.jpg,u
u_24_12.jpg,u
u_24_13.jpg,u
u_24_14.jpg,u
u_24_15.jpg,u
u_24_16.jpg,u
u_24_17.jpg,u
u_24_18.jpg,u
u_24_19.jpg,u
u_24_2.jpg,u
u_24_3.jpg,u
u_24_4.jpg,u
u_24_5.jpg,u
u_24_6.jpg,u
u_24_7.jpg,u
u_24_8.jpg,u
u_24_9.jpg,u
u_54_0.jpg,u
u_54_1.jpg,u
u_54_10.jpg,u
u_54_11.jpg,u
u_54_12.jpg,u
u_54_13.jpg,u
u_54_14.jpg,u
u_54_15.jpg,u
u_54_16.jpg,u
u_54_17.jpg,u
u_54_18.jpg,u
u_54_19.jpg,u
u_54_2.jpg,u
u_54_3.jpg,u
u_54_4.jpg,u
u_54_5.jpg,u
u_54_6.jpg,u
u_54_7.jpg,u
u_54_8.jpg,u
u_54_9.jpg,u
u_84_0.jpg,u
u_84_1.jpg,u
u_84_10.jpg,u
u_84_11.jpg,u
u_84_12.jpg,u
u_84_13.jpg,u
u_84_14.jpg,u
u_84_15.jpg,u
u_84_16.jpg,u
u_84_17.jpg,u
u_84_18.jpg,u
u_84_19.jpg,u
u_84_2.jpg,u
u_84_3.jpg,u
u_84_4.jpg,u
u_84_5.jpg,u
u_84_6.jpg,u
u_84_7.jpg,u
u_84_8.jpg,u
u_84_9.jpg,u
yae_116_0.jpg,yae
yae_116_1.jpg,yae
yae_116_10.jpg,yae
yae_116_11.jpg,yae
yae_116_12.jpg,yae
yae_116_13.jpg,yae
yae_116_14.jpg,yae
yae_116_15.jpg,yae
yae_116_16.jpg,yae
yae_116_17.jpg,yae
yae_116_18.jpg,yae
yae_116_19.jpg,yae
yae_116_2.jpg,yae
yae_116_3.jpg,yae
yae_116_4.jpg,yae
yae_116_5.jpg,yae
yae_116_6.jpg,yae
yae_116_7.jpg,yae
yae_116_8.jpg,yae
yae_116_9.jpg,yae
yae_26_0.jpg,yae
yae_26_1.jpg,yae
yae_26_10.jpg,yae
yae_26_11.jpg,yae
yae_26_12.jpg,yae
yae_26_13.jpg,yae
yae_26_14.jpg,yae
yae_26_15.jpg,yae
yae_26_16.jpg,yae
yae_26_17.jpg,yae
yae_26_18.jpg,yae
yae_26_19.jpg,yae
yae_26_2.jpg,yae
yae_26_3.jpg,yae
yae_26_4.jpg,yae
yae_26_5.jpg,yae
yae_26_6.jpg,yae
yae_26_7.jpg,yae
yae_26_8.jpg,yae
yae_26_9.jpg,yae
yae_56_0.jpg,yae
yae_56_1.jpg,yae
yae_56_10.jpg,yae
yae_56_11.jpg,yae
yae_56_12.jpg,yae
yae_56_13.jpg,yae
yae_56_14.jpg,yae
yae_56_15.jpg,yae
yae_56_16.jpg,yae
yae_56_17.jpg,yae
yae_56_18.jpg,yae
yae_56_19.jpg,yae
yae_56_2.jpg,yae
yae_56_3.jpg,yae
yae_56_4.jpg,yae
yae_56_5.jpg,yae
yae_56_6.jpg,yae
yae_56_7.jpg,yae
yae_56_8.jpg,yae
yae_56_9.jpg,yae
yae_86_0.jpg,yae
yae_86_1.jpg,yae
yae_86_10.jpg,yae
yae_86_11.jpg,yae
yae_86_12.jpg,yae
yae_86_13.jpg,yae
yae_86_14.jpg,yae
yae_86_15.jpg,yae
yae_86_16.jpg,yae
yae_86_17.jpg,yae
yae_86_18.jpg,yae
yae_86_19.jpg,yae
yae_86_2.jpg,yae
yae_86_3.jpg,yae
yae_86_4.jpg,yae
yae_86_5.jpg,yae
yae_86_6.jpg,yae
yae_86_7.jpg,yae
yae_86_8.jpg,yae
yae_86_9.jpg,yae
ya_115_0.jpg,ya
ya_115_1.jpg,ya
ya_115_10.jpg,ya
ya_115_11.jpg,ya
ya_115_12.jpg,ya
ya_115_13.jpg,ya
ya_115_14.jpg,ya
ya_115_15.jpg,ya
ya_115_16.jpg,ya
ya_115_17.jpg,ya
ya_115_18.jpg,ya
ya_115_19.jpg,ya
ya_115_2.jpg,ya
ya_115_3.jpg,ya
ya_115_4.jpg,ya
ya_115_5.jpg,ya
ya_115_6.jpg,ya
ya_115_7.jpg,ya
ya_115_8.jpg,ya
ya_115_9.jpg,ya
ya_25_0.jpg,ya
ya_25_1.jpg,ya
ya_25_10.jpg,ya
ya_25_11.jpg,ya
ya_25_12.jpg,ya
ya_25_13.jpg,ya
ya_25_14.jpg,ya
ya_25_15.jpg,ya
ya_25_16.jpg,ya
ya_25_17.jpg,ya
ya_25_18.jpg,ya
ya_25_19.jpg,ya
ya_25_2.jpg,ya
ya_25_3.jpg,ya
ya_25_4.jpg,ya
ya_25_5.jpg,ya
ya_25_6.jpg,ya
ya_25_7.jpg,ya
ya_25_8.jpg,ya
ya_25_9.jpg,ya
ya_55_0.jpg,ya
ya_55_1.jpg,ya
ya_55_10.jpg,ya
ya_55_11.jpg,ya
ya_55_12.jpg,ya
ya_55_13.jpg,ya
ya_55_14.jpg,ya
ya_55_15.jpg,ya
ya_55_16.jpg,ya
ya_55_17.jpg,ya
ya_55_18.jpg,ya
ya_55_19.jpg,ya
ya_55_2.jpg,ya
ya_55_3.jpg,ya
ya_55_4.jpg,ya
ya_55_5.jpg,ya
ya_55_6.jpg,ya
ya_55_7.jpg,ya
ya_55_8.jpg,ya
ya_55_9.jpg,ya
ya_85_0.jpg,ya
ya_85_1.jpg,ya
ya_85_10.jpg,ya
ya_85_11.jpg,ya
ya_85_12.jpg,ya
ya_85_13.jpg,ya
ya_85_14.jpg,ya
ya_85_15.jpg,ya
ya_85_16.jpg,ya
ya_85_17.jpg,ya
ya_85_18.jpg,ya
ya_85_19.jpg,ya
ya_85_2.jpg,ya
ya_85_3.jpg,ya
ya_85_4.jpg,ya
ya_85_5.jpg,ya
ya_85_6.jpg,ya
ya_85_7.jpg,ya
ya_85_8.jpg,ya
ya_85_9.jpg,ya
ye_117_0.jpg,ye
ye_117_1.jpg,ye
ye_117_10.jpg,ye
ye_117_11.jpg,ye
ye_117_12.jpg,ye
ye_117_13.jpg,ye
ye_117_14.jpg,ye
ye_117_15.jpg,ye
ye_117_16.jpg,ye
ye_117_17.jpg,ye
ye_117_18.jpg,ye
ye_117_19.jpg,ye
ye_117_2.jpg,ye
ye_117_3.jpg,ye
ye_117_4.jpg,ye
ye_117_5.jpg,ye
ye_117_6.jpg,ye
ye_117_7.jpg,ye
ye_117_8.jpg,ye
ye_117_9.jpg,ye
ye_27_0.jpg,ye
ye_27_1.jpg,ye
ye_27_10.jpg,ye
ye_27_11.jpg,ye
ye_27_12.jpg,ye
ye_27_13.jpg,ye
ye_27_14.jpg,ye
ye_27_15.jpg,ye
ye_27_16.jpg,ye
ye_27_17.jpg,ye
ye_27_18.jpg,ye
ye_27_19.jpg,ye
ye_27_2.jpg,ye
ye_27_3.jpg,ye
ye_27_4.jpg,ye
ye_27_5.jpg,ye
ye_27_6.jpg,ye
ye_27_7.jpg,ye
ye_27_8.jpg,ye
ye_27_9.jpg,ye
ye_57_0.jpg,ye
ye_57_1.jpg,ye
ye_57_10.jpg,ye
ye_57_11.jpg,ye
ye_57_12.jpg,ye
ye_57_13.jpg,ye
ye_57_14.jpg,ye
ye_57_15.jpg,ye
ye_57_16.jpg,ye
ye_57_17.jpg,ye
ye_57_18.jpg,ye
ye_57_19.jpg,ye
ye_57_2.jpg,ye
ye_57_3.jpg,ye
ye_57_4.jpg,ye
ye_57_5.jpg,ye
ye_57_6.jpg,ye
ye_57_7.jpg,ye
ye_57_8.jpg,ye
ye_57_9.jpg,ye
ye_87_0.jpg,ye
ye_87_1.jpg,ye
ye_87_10.jpg,ye
ye_87_11.jpg,ye
ye_87_12.jpg,ye
ye_87_13.jpg,ye
ye_87_14.jpg,ye
ye_87_15.jpg,ye
ye_87_16.jpg,ye
ye_87_17.jpg,ye
ye_87_18.jpg,ye
ye_87_19.jpg,ye
ye_87_2.jpg,ye
ye_87_3.jpg,ye
ye_87_4.jpg,ye
ye_87_5.jpg,ye
ye_87_6.jpg,ye
ye_87_7.jpg,ye
ye_87_8.jpg,ye
ye_87_9.jpg,ye
yo_118_0.jpg,yo
yo_118_1.jpg,yo
yo_118_10.jpg,yo
yo_118_11.jpg,yo
yo_118_12.jpg,yo
yo_118_13.jpg,yo
yo_118_14.jpg,yo
yo_118_15.jpg,yo
yo_118_16.jpg,yo
yo_118_17.jpg,yo
yo_118_18.jpg,yo
yo_118_19.jpg,yo
yo_118_2.jpg,yo
yo_118_3.jpg,yo
yo_118_4.jpg,yo
yo_118_5.jpg,yo
yo_118_6.jpg,yo
yo_118_7.jpg,yo
yo_118_8.jpg,yo
yo_118_9.jpg,yo
yo_28_0.jpg,yo
yo_28_1.jpg,yo
yo_28_10.jpg,yo
yo_28_11.jpg,yo
yo_28_12.jpg,yo
yo_28_13.jpg,yo
yo_28_14.jpg,yo
yo_28_15.jpg,yo
yo_28_16.jpg,yo
yo_28_17.jpg,yo
yo_28_18.jpg,yo
yo_28_19.jpg,yo
yo_28_2.jpg,yo
yo_28_3.jpg,yo
yo_28_4.jpg,yo
yo_28_5.jpg,yo
yo_28_6.jpg,yo
yo_28_7.jpg,yo
yo_28_8.jpg,yo
yo_28_9.jpg,yo
yo_58_0.jpg,yo
yo_58_1.jpg,yo
yo_58_10.jpg,yo
yo_58_11.jpg,yo
yo_58_12.jpg,yo
yo_58_13.jpg,yo
yo_58_14.jpg,yo
yo_58_15.jpg,yo
yo_58_16.jpg,yo
yo_58_17.jpg,yo
yo_58_18.jpg,yo
yo_58_19.jpg,yo
yo_58_2.jpg,yo
yo_58_3.jpg,yo
yo_58_4.jpg,yo
yo_58_5.jpg,yo
yo_58_6.jpg,yo
yo_58_7.jpg,yo
yo_58_8.jpg,yo
yo_58_9.jpg,yo
yo_88_0.jpg,yo
yo_88_1.jpg,yo
yo_88_10.jpg,yo
yo_88_11.jpg,yo
yo_88_12.jpg,yo
yo_88_13.jpg,yo
yo_88_14.jpg,yo
yo_88_15.jpg,yo
yo_88_16.jpg,yo
yo_88_17.jpg,yo
yo_88_18.jpg,yo
yo_88_19.jpg,yo
yo_88_2.jpg,yo
yo_88_3.jpg,yo
yo_88_4.jpg,yo
yo_88_5.jpg,yo
yo_88_6.jpg,yo
yo_88_7.jpg,yo
yo_88_8.jpg,yo
yo_88_9.jpg,yo
yu_119_0.jpg,yu
yu_119_1.jpg,yu
yu_119_10.jpg,yu
yu_119_11.jpg,yu
yu_119_12.jpg,yu
yu_119_13.jpg,yu
yu_119_14.jpg,yu
yu_119_15.jpg,yu
yu_119_16.jpg,yu
yu_119_17.jpg,yu
yu_119_18.jpg,yu
yu_119_19.jpg,yu
yu_119_2.jpg,yu
yu_119_3.jpg,yu
yu_119_4.jpg,yu
yu_119_5.jpg,yu
yu_119_6.jpg,yu
yu_119_7.jpg,yu
yu_119_8.jpg,yu
yu_119_9.jpg,yu
yu_29_0.jpg,yu
yu_29_1.jpg,yu
yu_29_10.jpg,yu
yu_29_11.jpg,yu
yu_29_12.jpg,yu
yu_29_13.jpg,yu
yu_29_14.jpg,yu
yu_29_15.jpg,yu
yu_29_16.jpg,yu
yu_29_17.jpg,yu
yu_29_18.jpg,yu
yu_29_19.jpg,yu
yu_29_2.jpg,yu
yu_29_3.jpg,yu
yu_29_4.jpg,yu
yu_29_5.jpg,yu
yu_29_6.jpg,yu
yu_29_7.jpg,yu
yu_29_8.jpg,yu
yu_29_9.jpg,yu
yu_59_0.jpg,yu
yu_59_1.jpg,yu
yu_59_10.jpg,yu
yu_59_11.jpg,yu
yu_59_12.jpg,yu
yu_59_13.jpg,yu
yu_59_14.jpg,yu
yu_59_15.jpg,yu
yu_59_16.jpg,yu
yu_59_17.jpg,yu
yu_59_18.jpg,yu
yu_59_19.jpg,yu
yu_59_2.jpg,yu
yu_59_3.jpg,yu
yu_59_4.jpg,yu
yu_59_5.jpg,yu
yu_59_6.jpg,yu
yu_59_7.jpg,yu
yu_59_8.jpg,yu
yu_59_9.jpg,yu
yu_89_0.jpg,yu
yu_89_1.jpg,yu
yu_89_10.jpg,yu
yu_89_11.jpg,yu
yu_89_12.jpg,yu
yu_89_13.jpg,yu
yu_89_14.jpg,yu
yu_89_15.jpg,yu
yu_89_16.jpg,yu
yu_89_17.jpg,yu
yu_89_18.jpg,yu
yu_89_19.jpg,yu
yu_89_2.jpg,yu
yu_89_3.jpg,yu
yu_89_4.jpg,yu
yu_89_5.jpg,yu
yu_89_6.jpg,yu
yu_89_7.jpg,yu
yu_89_8.jpg,yu
yu_89_9.jpg,yu
